{
	"pattrstorage" : 	{
		"name" : "u636000315",
		"slots" : 		{
			"1" : 			{
				"id" : 1,
				"data" : 				{
					"watersys::watermouse::wtm_delay" : [ 457.0 ],
					"watersys::watermouse::wtm_dw" : [ 37.795275590551192 ],
					"mixer::evt_toRVB" : [ 0.632463264926529 ],
					"mixer::evt_vol" : [ -4.582677165354326 ],
					"mixer::ice_toRVB" : [ 0.583359166718333 ],
					"mixer::ice_vol" : [ -5.051546391752566 ],
					"mixer::idle_toRVB" : [ 0.571393142786285 ],
					"mixer::idle_vol" : [ -5.545092945856041 ],
					"mixer::master_gain" : [ 0.0 ],
					"mixer::rvb_damping" : [ 102.000000000000028 ],
					"mixer::rvb_decay" : [ 56.999999999999979 ],
					"mixer::rvb_diff" : [ 92.999999999999943 ],
					"mixer::rvb_size" : [ 69.999999999999929 ],
					"mixer::vapor_toRVB" : [ 0.607663215326431 ],
					"mixer::vapor_vol" : [ -5.051546391752566 ],
					"mixer::water_toRVB" : [ 0.60766321532643 ],
					"mixer::water_vol" : [ -6.037340693238086 ]
				}

			}

		}

	}

}
